{"filesMd5":[{"page":"/mediator/index.js","md5":"b3018758fe59886ac602a69dec168302"},{"page":"/pages/demo/complex-table/index.js","md5":"7b71cab1c124bbc0365250ab288776e1"},{"page":"/config/index.js","md5":"15d24f753c43c0e3092e4d1e1fb08bf3"},{"page":"/pages/demo/f2/index.js","md5":"f4d5df174fcf7c64c16ae7cf05dd1644"},{"page":"/pages/demo/index.js","md5":"89931959bf8167f2b478a79d0135c6f9"},{"page":"/pages/demo/f2/temp.js","md5":"65eea0128e092487390b3010514b6e44"},{"page":"/pages/demo/selector/index.js","md5":"97d4ac7fa1e7212069788a700245de2b"},{"page":"/pages/demo/simple-table/index.js","md5":"d7caca641909127e44ea3e2c4c089543"},{"page":"/pages/demo/status-extr/index.js","md5":"a92696e384bcc83fd511eb95542c5254"},{"page":"/iconfont/font_1469606063_76593.ttf","md5":"f6222bcfedff4a817bb50df7a049d1db"},{"page":"/iconfont/font_1469606522_9417143.woff","md5":"6cf5490fd14ff83350ff952bb5b8e484"},{"page":"/iconfont/font_zn5b3jswpofuhaor.ttf","md5":"c0356b22e8235d2b0be8880cc81894cc"},{"page":"/iconfont/iconfont-eros.ttf","md5":"68780fad0047dc5b02cb613ebb08cda1"},{"page":"/iconfont/iconfont.ttf","md5":"ec86bfe5bdb872bad2b2af4f11da14f4"},{"page":"/assets/demo.jpg","md5":"332c4e7d5398207c1b49750369a72848"}],"android":"0.0.1","iOS":"0.0.1","appName":"weex-eros-mui","jsVersion":"886b9fc9ccff55cf53c896af448bd82a","timestamp":1531213290772,"jsPath":"https://app.weex-eros.com/source"}
